Latitude,Longitude,Predicted_Deaths,Predicted_CFR,Confirmed_Cases
41.1533,20.1683,125.45545452663275,1.0603406609830002,11831.617813309917
-71.9499,23.347,108.2563093573094,1.7865097736690014,6059.653910259926
-35.4735,149.0124,115.26023076923079,0.09757437164619993,118125.51679774988
-34.9285,138.6007,91.70182034739457,0.10763356071189993,85198.16657636233
47.5162,14.5501,58.21336678876678,0.4812015386099997,12097.502214336657
23.685,90.3563,34.20791668331667,1.269801140311601,2693.958573302452
50.8503,4.3517,65.57004329004332,0.3076875958600001,21310.59040803131
50.4496,5.8492,85.91807359307364,0.3675216806250002,23377.68848002737
9.3077,2.3158,145.66688888888888,0.7434117160249997,19594.376272110076
-22.3285,24.6849,36.23638594738596,1.5010458640989994,2414.075866305178
-3.4168,-65.8561,34.160723947550025,1.4586579011499998,2341.9284206816315
-19.1834,-40.3089,35.202000000000005,1.35469337768,2598.5215975799415
-20.7722,-54.7852,28.217018633540352,1.6657150513370016,1693.9883331720932
-25.2521,-52.0215,95.26428082062868,1.8700482308450017,5094.215178481385
-30.0346,-51.2177,56.709287784679056,1.4913199637689991,3802.623793847579
-27.2423,-50.2189,98.64320760399019,1.649094875767001,5981.657517316026
4.5353,114.7277,83.79462857142862,0.363561903935,23048.24231155143
-3.3731,29.9189,50.344124860646595,0.7286636386569992,6909.103486134687
53.9333,-116.5765,36.68999999999995,1.1336986090420014,3236.3098717218813
53.7609,-98.8139,25.146666666666665,1.4181993182839998,1773.140512935358
44.682,-63.7443,91.59475555555557,0.9067794843910003,10101.105851228127
52.9399,-73.5491,60.30737373737368,1.0944437616642981,5510.321850221477
6.6111,20.9394,117.11406993006993,0.8373155688650006,13986.849675901834
-18.594,-69.4785,108.88289440993789,1.7720958966900013,6144.300351539336
-29.959,-71.3389,94.57107142857143,1.1965007346579997,7903.971028952442
-35.5183,-71.6885,63.21,0.9815961336159994,6439.511916896747
-19.9232,-69.5132,93.1934534161491,1.7778963991459011,5241.781999272798
40.1824,116.4142,16.265,0.08394451202539992,19375.894394476363
23.3417,113.4244,24.963561904761903,0.17260568877250015,14462.768916999417
37.8957,114.9042,9.406666666666666,0.18918476490180006,4972.211515842396
30.9756,112.2707,10.614848484848489,4.3604482904414,243.43479793390622
27.614,115.7221,14.000116129032255,0.06950544001399994,20142.475360507495
37.2692,106.1655,7.78030303030303,0.21892428217389995,3553.8785159166755
31.202,121.4491,6.3505797101449275,1.519821349433199,417.8504080438999
31.6927,88.0924,50.31678129117262,1.3570064407405016,3707.9250164586815
29.1832,120.0934,7.775714285714286,0.08175594142599996,9510.885875801878
10.6966,-74.8741,50.75919367588935,2.566557156896999,1977.7153039232478
4.711,-74.0721,37.00400000000001,1.8950932122099973,1952.621631568567
9.3373,-73.6536,81.61366666666667,2.5883231282539994,3153.1482980535225
2.5854,-68.5247,56.613387351778655,1.3023268512510011,4347.095147227937
10.4113,-74.4057,103.11871739130427,2.8401040543770018,3630.807724540365
0.436,-75.5277,104.78378260869572,3.5597454080299955,2943.575188616769
6.6437,-73.6536,92.91463043478261,2.722312753739999,3413.0769988545053
3.8009,-76.6413,55.53515217391312,2.6376209738740006,2105.5016139163454
-0.228,15.8277,60.81793051393052,0.9966865410570007,6102.011817018439
45.1,15.2,97.22282063492074,1.203119011853001,8080.89803893811
61.8926,-6.9118,47.31710634920634,0.19222261488810002,24615.785388598215
11.8251,42.5903,140.16715889665895,1.405202351772,9974.873634384698
26.820553,30.802498,107.09201010100995,3.7863113963229984,2828.399433945402
58.5953,25.0136,103.74729770229771,0.6307271719809995,16448.839103672402
61.92411,25.748151,122.68108258408257,0.6672201602179999,18386.896844363808
14.6415,-61.0242,61.52745920745923,1.11328890072,5526.639057271426
17.9,-62.8333,57.07062857142857,0.5579012152200002,10229.522183228011
46.2276,2.2137,103.68759797979796,0.4614457202880003,22470.16136916035
48.6616,9.3501,76.2486315018315,0.42184343460199997,18075.10209890321
53.0793,8.8017,73.31903496503496,0.30166814475200004,24304.53338893644
52.6367,9.8451,85.13909090909092,0.3408704151069996,24976.966945742613
51.1045,13.2017,99.63729603729604,0.7431853571039998,13406.789448268557
15.7835,-90.2308,117.37352380952382,2.216304148764002,5295.912290512166
18.9712,-72.2852,66.08740692640697,2.5175337485299973,2625.085243246324
64.9631,-19.0208,74.90012063492063,0.16987433438369995,44091.487337776176
26.357149,92.830441,71.06648535980152,1.0655372927275983,6669.544636760965
20.194742,73.080901,25.632485714285707,0.4336060475089997,5911.468684890446
29.20004,76.332824,28.21121478521481,1.1341957381409993,2487.332110016066
14.70518,76.166436,49.09106647844909,1.4184686352245983,3460.849627505235
23.541513,78.289633,48.12721898101894,1.0866137617380014,4429.10081536618
23.309381,92.83822,55.20677156177151,0.6022569745099995,9166.647112171368
30.841465,75.40879,59.03849090909087,2.2114111116340003,2669.720279440381
18.1124,79.0193,66.5448857142857,1.0049298559073991,6621.843835478363
30.156447,79.197608,40.306453905514815,1.2424402269569996,3244.1362595151872
33.223191,43.679291,90.15329462276867,1.1038570433199983,8167.1168534306335
40.63947052,15.80514834,104.01785772005788,0.6595009635400004,15772.207088481218
45.6494354,13.76813649,111.57952222222225,0.8912326627159988,12519.685026151057
43.61675973,13.5188753,109.79655266955275,0.6146358888159993,17863.674195963205
45.0732745,7.680687483,114.1476222222223,0.8007936826940008,14254.311027805696
43.76923077,11.25588885,115.44094285714293,0.6927132162519996,16665.041195799433
18.1096,-77.2975,113.59459267399278,2.2262560676010015,5102.494467152718
35.510141,140.198917,165.61516559139778,0.17151580381899997,96559.71164393159
37.378867,140.223295,150.8087369175625,0.14646986737599998,102962.29498892376
43.385711,142.552318,142.6592457327618,0.4275859394970003,33363.87672162046
39.593287,141.361777,156.77420860215068,0.22342583970700017,70168.34257297356
33.422519,133.367307,159.21421362007186,0.17227613441499998,92418.03234134395
38.446859,140.927086,146.16908100358413,0.20303120151100015,71993.4078682309
34.317451,135.871644,171.73920788530478,0.21290988215299975,80662.86362503869
25.768923,126.668016,134.83289982574706,24.17990311961823,557.6238215625898
35.997101,139.347635,182.99688888888898,0.17706850239899988,103348.07512887317
36.689912,139.819213,147.3681376344084,0.13941569651500008,105704.12178699888
36.637464,137.269346,148.68956630824354,0.13977587486700016,106377.13156846628
34.20119,131.573293,162.62856845878122,0.1830535665699999,88842.0649245268
-0.0236,37.9062,50.247319658119615,1.517442810504003,3311.3155441706886
42.602636,20.902977,57.31077122587561,1.368933006124999,4186.528556872454
56.8796,24.6032,65.39366450216453,0.6859693660960008,9533.029860259496
26.3351,17.228331,95.95478160245561,1.8654968076460026,5143.658311779005
6.1184,100.3685,187.28928571428563,0.7564988244729994,24757.379609248852
3.8126,103.3256,148.98961904761893,0.6800037736723997,21910.11650464701
5.9788,116.0753,165.71013674151945,0.7376187245684994,22465.554523233997
3.2028,73.2207,67.57419206349206,0.42722371228619993,15817.050908031919
21.0079,-10.9408,52.42876190476188,1.6073575531650008,3261.7983348836065
26.0444,-111.6661,47.16625396825394,2.985556560280003,1579.814450536834
19.4326,-99.1332,31.976714285714248,3.8686232174500033,826.565744151007
21.019,-101.2574,37.879999999999974,4.446743346549995,851.8593732059928
19.4969,-99.7233,39.590714285714256,5.710729194200002,693.2689843868599
25.5922,-99.9962,62.81228571428571,2.1204908091559993,2962.1578854796517
19.1817,-88.4791,52.49285714285718,3.199749753499,1640.530078499265
17.8409,-92.6189,54.413828571428596,3.5720182012240014,1523.3357028467253
19.1738,-96.1342,60.223571428571496,6.474149922329989,930.2158916779853
47.4116,28.3699,16.52702277432712,2.1955096660800013,752.7647465946022
31.7917,-7.0926,57.208675324675326,1.271795817875999,4498.259431314879
28.1667,84.25,48.5890823263693,1.0771765981717993,4510.781464138326
52.862485,6.618435,56.6154545454545,1.579984077055996,3583.2927285537444
53.217922,6.741514,69.07342237762234,0.18874070951299995,36596.992008692614
52.444558,6.441722,75.24727272727262,82.98622964272796,90.67440833404159
51.47936,3.861559,55.9578787878788,0.27269994989700025,20519.944653093735
-40.9006,174.886,41.621230769230735,0.12323732281390018,33773.235103526764
41.6086,21.7453,98.57818018068888,1.0993667803009999,8966.814528787087
28.328492,65.898403,57.58507675802455,1.128715168761001,5101.825363190264
30.811346,72.139132,75.76073333333336,2.303446312212003,3289.0166760856787
-6.314993,143.95555,111.67085470085472,0.4160265045106999,26842.245263242028
-14.027713,-72.975378,16.60486956521739,4.022280759782996,412.82224083515314
-11.954609,-77.136042,18.69909420289856,5.784046388080002,323.2874176361105
-14.235097,-75.574821,22.62026086956525,6.2062302020730025,364.4766651099993
-11.766533,-76.604498,21.902956521739153,4.981785372880009,439.66078187501046
-10.39655,-75.307635,26.36618012422361,4.493667868969996,586.740740371341
-17.644161,-70.27756,31.970645962732902,3.0726095392399957,1040.5046770323047
12.879721,121.774017,49.89291235334713,1.2732068585150014,3918.6807720733996
45.9432,24.9668,35.27496721877152,2.114046449117998,1668.5994403523446
52.8032368,128.437295,41.16655011655014,12.684539265642957,324.54115403350033
50.7080119,37.5837615,40.89049660484441,1.5657092857900008,2611.6276486290703
54.4223954,61.1865846,55.23040336475125,2.1017132315499967,2627.875322649002
43.11542075,45.01713552,59.99839268267963,1.7054629463090003,3518.0120924074863
43.4806048,43.5978976,61.0176441529485,2.5273148584870024,2414.32696634709
57.1914882,160.0383819,65.90525286307889,1.305674850353,5047.600698233627
51.6312684,136.121524,73.64966312951493,0.7844716045919999,9388.44219451637
63.9881421,54.3326073,77.2075058275058,1.5722998043049978,4910.482442095944
55.7655302,64.5632681,81.3861822235734,1.3697263433279994,5941.784110381557
62.48858785,153.9903764,81.27049761832357,1.5021192124850007,5410.389331474921
55.5043158,38.0353929,96.39325757575743,1.5538999525199986,6203.311700951793
42.7933611,44.6324493,86.98273981091369,2.6744765592990034,3252.3276193421707
52.9685433,36.0692477,75.30682983682983,1.855490552159999,4058.5940871088915
45.0819456,134.726645,97.98959409740947,0.6819741776725996,14368.51970434166
59.9606739,30.1586551,80.56723076923087,1.7718699918259992,4547.017057735843
51.6520555,46.8631952,72.17521367521364,1.9546714883000018,3692.447253015655
52.9019574,41.3578918,84.76279112192158,2.2787880134399994,3719.643539548282
57.1134475,35.1744428,65.887668997669,1.5176146615729988,4341.5282328240555
54.1463177,47.2324921,78.07326137630483,2.4414348355799995,3197.8433435335724
50.9800393,40.1506507,61.015230059795265,1.81817000965,3355.859448563931
-1.9403,29.8739,44.269931623931654,1.2336120806630009,3588.6428414464717
-13.759,-172.1046,26.64,0.31301674132490015,8510.726898261531
14.4974,-14.4524,101.32205094905093,1.4299169398040008,7085.869684356574
1.2833,103.8333,125.14079047619039,0.3984776094594002,31404.723253074182
5.152149,46.199616,127.99178998778996,3.4156411571740004,3747.2258969290133
41.5976,-0.9057,156.1484,1.0023329977049995,15578.495405970525
28.2916,-16.6291,145.23109956709953,1.0262319224079999,14151.878965752916
41.5912,1.5209,175.3791333333333,0.7266400094449998,24135.62851669647
42.2871,-2.5396,175.85066666666688,0.9094819116510001,19335.25718476817
42.6954,-1.6761,129.64566966366982,0.7083582292640012,18302.274796521295
12.8628,30.2176,66.08115034965033,5.634927105132992,1172.7063920570579
61.0917,14.6664,64.0274285714286,0.722328942904001,8864.026452272172
63.1712,14.9592,86.81362770562765,0.6748000228760003,12865.089621015073
66.8309,20.3992,98.57167082917074,0.9973009035439994,9883.844532666857
59.0336,16.7519,105.19642857142863,0.9149211153779988,11497.868701824289
65.3337,16.5162,108.97185714285713,0.7876443781439997,13835.159643954768
46.8182,8.2275,116.8455857142856,0.36993063722200054,31585.809326780618
-6.369028,34.888822,121.15905982905996,2.0211337419220015,5994.608734493913
-21.179,-175.1982,18.72,0.17019517784020016,10999.136542855873
-7.1095,177.6493,78.35211111111113,0.27130554949500024,28879.656629565197
32.99642064,-87.1251146,100.94666666666667,1.8276851999789998,5523.197685675113
33.77483727,-85.82630386,131.88033333333334,1.6413279872679993,8034.977430248356
32.02227341,-88.2656443,77.98333333333333,1.4426303817499997,5405.635034438603
31.39932826,-85.98901039,88.13999999999994,1.6214355976899997,5435.923580657153
31.2477854,-86.45050893,84.20799999999997,2.1435325037539994,3928.4685374504606
32.32688101,-87.1086671,121.87833333333332,2.1868369989289964,5573.270133669004
34.04567266,-86.04051873,123.36166666666666,1.8675702124699975,6605.463389968716
32.85504247,-87.95684022,98.05400000000002,1.8363755189540008,5339.539706772586
34.78144169,-85.99750489,89.11399999999999,1.3920870221359984,6401.467622567499
34.52041498,-87.31069453,148.2083333333333,1.7410739666379975,8512.466223334704
32.38759944,-85.69267724,114.77833333333336,1.4420038072899999,7959.641490062336
34.36975964,-86.30486727,123.84499999999989,1.315367362075001,9415.240454547507
34.45500589,-86.85475946,95.20666666666668,1.309098695701998,7272.688222763261
31.80396383,-85.9408295,107.75000000000006,1.6663254693599996,6466.323775353716
33.71902176,-86.31029372,75.36999999999999,1.4556358236500007,5177.806067661212
33.28726072,-87.52556818,76.63,1.4086267428740007,5440.05006206633
31.98773215,-87.30891118,73.08333333333334,1.5608551255400005,4682.262443034173
61.14998174,-149.1426986,21.34,0.508238056456,4198.819771350098
61.16666,-149.9,13.61,0.4869134518140001,2795.157938088552
64.80726247,-146.5692662,116.04,0.5605221505600009,20702.125666946067
55.57445008,-130.975561,19.32111111111111,0.46977249286099965,4112.8655689144425
64.90320724,-164.0353804,19.4,0.23457319161909956,8270.339788658272
55.76261984,-133.0511621,8.95111111111111,0.5102494618449999,1754.2617445876344
65.50815459,-151.3907387,16.3,0.5547145036710006,2938.448497764082
35.83883429,-111.7707178,121.52739538239548,1.611760243911999,7540.041755058378
33.72854224,-113.9810029,139.2883333333333,2.074458132029997,6714.444180998258
33.19153461,-91.7698471,80.685,1.4358179450239996,5619.4450194485735
33.46755808,-92.15980837,68.61666666666667,1.6049070092700015,4275.429434249729
34.04613432,-93.17484713,84.32,1.557500163049,5413.803606603361
33.21230701,-93.22642793,91.28,1.6900231445700005,5401.109463694637
35.21247318,-90.30839406,98.95416666666664,1.4626134229289982,6765.572167969248
33.59035001,-91.71777921,81.53,1.5240113646200013,5349.697639579531
34.57692074,-93.14921604,86.425,2.099637768253999,4116.1861968156845
34.31709259,-92.95396325,129.89,1.4224771414200021,9131.253938487615
35.59802983,-91.21494602,65.43666666666667,1.2081847227689995,5416.114393227427
36.04188196,-91.10867198,81.22833333333332,1.442988287340001,5629.174820474067
35.21413234,-93.71951016,83.7425,1.4879779460579987,5627.939595600422
33.31403423,-93.89285258,64.83,1.9510901178600009,3322.7578473467433
33.66340119,-93.30632432,99.395,1.8268515094600017,5440.7815569739505
34.43268455,-90.84800154,111.13,1.4751091712399997,7533.679687353742
35.44871474,-93.03212219,98.69,1.2571045312899995,7850.580245600384
34.64916145,-92.67583224,72.08,1.6567225972620006,4350.758546972423
33.99780401,-94.2424869,78.9475,1.3291633780750007,5939.638520159801
35.25688493,-91.74908296,54.18,1.3297016093660008,4074.5983623974794
38.59678594,-119.8223594,83.66,1.3241199090029994,6318.15890926314
39.17881957,-122.2331726,46.96663636363636,0.5073164670790004,9257.857651272065
36.75733899,-119.6466953,51.52769696969696,1.0738580092349987,4798.371528318215
36.51112084,-117.4111978,62.69921212121215,1.1350213180199984,5524.055903248455
40.67311306,-120.5935099,56.12212121212123,0.8292260918089995,6768.011977250731
37.57978556,-119.9073334,45.57478787878788,1.0805732227290006,4217.649199532098
37.93899289,-118.8872409,27.065303030303024,0.6375065892600005,4245.4938484196155
33.70147516,-117.7645998,86.26039393939391,1.0210011412509992,8448.608963717894
33.74314981,-115.9933578,74.04305050505054,1.005388043564001,7364.624134834075
33.03484597,-116.7365326,90.62804040404042,0.7791269503279997,11631.999171109084
37.4228808,-122.3275546,62.385000000000076,0.4921366016989998,12676.358511971834
40.76391419,-122.0396884,25.701818181818222,1.2745970432579992,2016.466170054951
38.52746429,-122.8862506,102.16636363636364,0.6120460881860001,16692.59319002712
40.6491767,-123.114713,38.74060606060606,1.0683618272589996,3626.1690629661834
34.44465746,-119.0910613,82.35409090909081,0.8402483870950013,9801.16024903236
37.57250606,-105.7885451,58.12,1.4364878243700006,4045.979298535972
37.95474293,-103.0720195,42.015,1.790518116756998,2346.527499877965
38.82777431,-102.6032558,19.07,2.5419972012199996,750.1975214940281
38.32608609,-103.7844965,46.085,1.2282792121900024,3751.9970657022823
37.75208676,-108.5211585,27.07,1.641849002314002,1648.7508876789445
39.28656773,-104.1358721,40.72,0.8728630121211991,4665.107747095822
40.10603347,-106.1178042,37.251666666666665,0.6736644385074012,5529.706562692102
40.6659387,-106.3408905,37.37166666666666,0.5695056363382007,6562.124109422072
37.28632032,-107.8429014,85.7,1.3755735441579993,6230.1285426696495
38.98749519,-103.5136649,25.43,0.951485143747,2672.6639051720013
40.61810999,-108.2070876,52.97666666666666,1.2004936447049999,4412.90688212554
37.9014485,-103.7173385,108.81,2.2682441043829966,4797.102736418146
40.59414277,-102.3577703,17.645,1.5930129511809992,1107.649500709876
39.97913541,-108.2179009,36.675,0.844406719613,4343.286137846998
37.76248981,-107.6763289,42.33,1.4057901691649999,3011.1179412460137
38.88133511,-105.1614893,56.58,1.159333116007999,4880.391944191613
40.00346839,-102.4258673,22.82,1.5013599579180004,1519.955283185084
41.45949668,-72.53714864,74.59148809523802,1.2552169235220005,5942.517719243501
38.66143781,-75.39031349,126.67673913043473,1.3210786061830009,9588.887333240713
29.67866525,-82.35928158,135.16035714285718,1.274154613880001,10607.845835229733
28.29409504,-80.73091022,146.0779999999999,1.2791486794610014,11419.939084919604
28.84804315,-82.47614748,123.45814285714282,2.492705756801996,4952.776416560805
27.18677893,-81.80941373,148.87933333333334,1.549244497620001,9609.802297961782
29.45933576,-81.31508595,82.918,1.4426253779869989,5747.715329651388
26.95635849,-81.18996211,81.09266666666666,1.6807654710129998,4824.746109151802
26.55386945,-81.16469006,146.8886666666667,1.240681482658002,11839.353510135128
30.86747479,-85.81319222,115.13349999999998,1.71126020141,6727.994953960552
29.98484137,-83.18166636,76.77999999999999,1.9303016963150013,3977.616563595997
29.31829741,-82.74007147,111.42439826839829,2.058595879096998,5412.640693581615
29.21227113,-82.05803627,120.64911255411269,2.2006607256919968,5482.404041003396
30.61037141,-81.80297522,141.592,1.2929828528699985,10950.802610081962
28.06312234,-81.14882926,173.7261666666669,1.0349529566339992,16785.899837581062
27.95027105,-81.69732947,145.73100000000005,1.4059201354330002,10365.524778199248
28.7158582,-81.24060348,132.78466666666668,1.093601739031,12141.95825843531
30.19746066,-82.9909967,110.98399999999985,2.1758593267999977,5100.69739495624
29.05858895,-81.18263252,101.96640909090911,1.251213820733,8149.399199504847
31.74847232,-82.28909114,117.97214285714286,2.3730489721250008,4971.331997059547
33.06882326,-83.24701748,120.82133333333333,2.7316293729499987,4423.050012925194
31.76095874,-83.22145359,89.96466666666667,2.2468437194600006,4004.04647138914
31.19576557,-81.97743999,111.27016666666667,2.4399644861299987,4560.319107068279
33.05917989,-81.99928721,112.64333333333336,2.458467310149996,4581.851988361836
32.40209349,-82.07702563,107.008,3.85272587511,2777.4620740943524
32.00043026,-81.12489526,60.586999999999996,1.2853106361020012,4713.802118975997
33.95436462,-83.37124007,65.61333333333329,0.9513675453889983,6896.738663342262
33.94243204,-84.5761255,69.44616666666658,1.0117187610480014,6864.17701642005
31.16068491,-83.42947229,90.23,2.194373349059999,4111.8800517082345
34.8549167,-85.50490424,126.27300000000002,1.641347370363999,7693.25264596468
32.17265114,-83.16948926,139.825,2.7566583151400033,5072.264459909993
31.32155345,-84.90255207,54.09,1.922758942283999,2813.145153585805
32.59221302,-82.30239915,95.10416666666666,3.177112926740001,2993.414740352083
34.26268279,-85.21577392,136.09766666666667,1.6212498095589987,8394.614196049592
34.69316688,-84.45802506,174.21949999999998,2.099613177775998,8297.695110893754
30.87454847,-84.23418364,105.14133333333331,1.7130956447049979,6137.505145046299
34.32207823,-83.81896936,89.919,1.4856749480429996,6052.400635714124
34.34626973,-82.96567682,106.21583333333332,1.93094851818,5500.707674663756
31.60213036,-83.27501387,82.70433333333334,2.207765739750001,3746.06471349168
33.05867328,-82.41609057,107.98833333333332,3.0393340844799983,3553.0261014991092
33.07841647,-84.14263877,123.61066666666665,2.2296470751879975,5543.956621755671
31.82588896,-81.49251135,120.1116666666667,1.1281882221000001,10646.420899793815
34.57286511,-84.00425681,155.18666666666667,2.1608885140639984,7181.613750855013
33.47851918,-82.48252774,49.57033333333333,2.3372565926500006,2120.876821535888
31.22483255,-84.19381821,113.32616666666665,2.0351009297780003,5568.577214449451
34.78897608,-84.74993177,93.88366666666667,1.514933604873998,6197.213288068508
33.8786296,-83.08278123,70.57533333333333,1.693532971275002,4167.343330800322
34.46589159,-84.46406611,167.40583333333336,1.7952221652749998,9325.07611433649
32.23334561,-83.4754996,93.9875,2.9083899307780015,3231.599002780831
31.76622818,-84.75732369,44.59,2.2018080522340036,2025.1538255007285
32.74976524,-81.60779441,79.345,1.9693148534590006,4029.066244061206
32.07996777,-84.83208037,39.05,1.323902039368002,2949.614007592397
32.04785085,-82.05539188,129.72583333333333,2.7180077552100004,4772.827931953799
30.86392347,-83.91847289,96.63666666666666,1.8227267068399984,5301.763907009542
32.40422134,-82.56904553,75.91,3.3457577176400015,2268.8433056516915
33.78017694,-83.73552314,93.05183333333322,1.6086759739039997,5784.373910148684
31.5521809,-81.91894878,86.9075,2.4969635479399988,3480.5273818153614
34.80987459,-84.96093476,120.26400000000001,1.4067330340099997,8549.170104947227
31.55162306,-83.85090513,112.50666666666667,2.308572923270002,4873.429187903037
21.45803166,-157.9712182,80.13,0.4550454469279994,17609.230141946402
42.28269683,-111.3289238,35.2,0.9788262597090012,3596.1438151919565
43.98829931,-115.7309284,62.83666666666668,1.3494681537179998,4656.402338472505
43.72592209,-113.1735463,26.92,1.745914867027001,1541.8850316476328
42.28347888,-113.6012409,49.1,1.0576188922670007,4642.504058787604
43.3507101,-115.4701578,60.91333333333334,1.0790419032619996,5645.131403070555
42.96927962,-114.8108306,47.765,1.4464025458879994,3302.3310236691627
47.67282258,-116.7020872,75.83166666666665,1.3659302886689997,5551.649838628231
43.0012336,-114.1358773,36.915,1.2728411517680005,2900.2047858622705
42.1949428,-112.5407838,82.74444444444445,1.1895681780640015,6955.838763198037
47.35364087,-115.8916749,73.27666666666666,2.1721802701110047,3373.415534380211
44.76728382,-115.5676773,24.74,0.9315962162379998,2655.6569862322776
38.88829622,-89.43534887,96.86499999999998,0.9893809084389997,9790.465853321262
39.16840183,-90.66330078,66.585,0.9755590216099986,6825.317435957128
39.54581621,-89.27780482,112.402,0.9473948670470004,11864.324360375042
39.51949084,-88.22358557,139.59,0.9744723972359989,14324.67460298867
40.17514519,-88.90959682,58.035,0.7748458674259999,7489.876688997442
39.6809186,-87.74759563,91.565,0.8360714646840005,10951.814990433584
40.59706922,-88.22350769,75.64833333333333,1.1065872785450006,6836.183173260381
39.35907414,-90.388865,60.0025,1.094396160034998,5482.703813405299
37.51810645,-88.26873022,59.96066666666667,1.2601033615399988,4758.392723703831
37.78595185,-89.38232563,117.61466666666665,0.8213681192230006,14319.36106528313
42.36542373,-90.21094405,63.21383333333333,0.9585988981570007,6594.398705743149
41.59081014,-88.42869583,139.22199999999998,0.5906220945739992,23572.094792765467
38.71987914,-87.72884035,58.88,0.7981993372689992,7376.60346868429
39.86064913,-88.96342505,98.54899999999999,0.8681705605949991,11351.34090845693
41.0327901,-89.34510444,55.51,1.1271418734580005,4924.84586964184
42.32451172,-88.45248227,93.96949999999994,0.6256582080630003,15019.302678202494
38.27594376,-90.17761038,82.10416666666669,1.048567828162,7830.124524284173
42.04165196,-89.32184679,116.95233333333336,0.8180149551640008,14297.089875317257
40.01360584,-88.59319339,56.18333333333334,0.5550071488579996,10122.992730623011
41.2013541,-89.2869272,46.79666666666666,0.9098374860819995,5143.409387118733
37.75332999,-88.54119706,90.64899999999997,1.0255867894439994,8838.74489541187
39.39133527,-88.80611122,90.87,1.0192088904160006,8915.738555117045
40.50716185,-89.51404662,99.775,1.0193368596530008,9788.22643909542
38.44272901,-87.84922065,42.085,0.8584446842719996,4902.470802261419
38.08706198,-88.17657461,64.025,1.0703822903699995,5981.507782408139
42.33641854,-89.16085327,106.74066666666677,0.8560937806679992,12468.338057937808
39.20744865,-85.89558181,77.26166666666673,1.2382928789719991,6239.369375265042
39.19605589,-86.22868909,85.77166666666668,1.8548227597309996,4624.251358609915
39.39561833,-87.11723506,100.62,1.3625270922589998,7384.807287257476
41.39804622,-84.99906934,148.9666666666667,1.2352319899400015,12059.812883724166
38.36597551,-86.8792417,142.79,1.210081865341002,11800.028088162588
40.12361933,-87.24217689,93.725,1.5204604433999982,6164.251125824462
40.51587228,-85.65468702,140.995,1.7748502226700014,7944.050613346614
38.19467379,-86.10948271,129.28,1.1544951731640003,11197.967995456946
40.82907273,-85.48822092,158.47929487179488,1.371917595028,11551.662829177461
38.78576239,-85.43633383,133.6,1.5431093881989983,8657.84376802528
41.24521668,-85.86312322,121.086,1.3548563967329994,8937.183327471297
38.84112637,-86.48361629,101.70666666666666,1.4050582578789994,7238.608512945049
38.7099921,-86.80373186,69.09,1.3342427064000006,5178.218300807941
39.47899078,-86.44573375,124.24,1.5032032744710002,8265.016588905577
38.5411892,-86.49523093,98.23,1.6541319322130001,5938.462228256596
38.40112197,-87.23574907,82.765,1.1970707174530013,6913.9607872205315
39.66437981,-86.84517605,132.015,1.3009214600499985,10147.807077832833
38.68672078,-85.74627859,107.90333333333334,1.265573129074,8526.044908387435
41.27890281,-86.64686895,105.33333333333334,1.775241148605001,5933.4661894303845
40.38872739,-86.89413959,79.98,1.045386307154,7650.760245534558
38.02658833,-87.58763124,67.075,1.0007827921350005,6702.253528650992
40.34728141,-87.35602659,44.66,1.2553481455790017,3557.5788403623724
40.72934187,-85.22132966,116.17833333333337,1.48008901678,7849.415272743833
41.02903567,-94.69932645,25.02,1.687379203937001,1482.7728077733339
42.08011739,-92.06463573,80.29,1.3308251450400002,6033.099111422843
42.4709188,-91.83510825,77.73,1.4849073714279997,5234.669952863722
42.03617207,-94.86032705,73.99,1.3241738624650008,5587.634833862734
42.73538914,-95.62389402,70.89,1.8391921844350005,3854.4095935127843
42.84443388,-91.34133693,71.15,1.40486628639,5064.538930806707
40.74773536,-92.41005468,35.68,2.0446079935100014,1745.0777906207704
43.37787725,-95.1510206,63.43,1.5066711527289984,4209.943217211713
43.0600053,-92.78940097,77.33,1.3720366489899982,5636.146822821765
42.40183723,-92.78829551,59.18,1.5675618330829986,3775.2896728550654
42.38353877,-93.23654611,73.74,1.5035055573740013,4904.537907315294
42.7764426,-94.20722537,112.72,1.680325759711999,6708.223054279651
41.68576082,-93.05567785,116.11666666666666,1.0960140601899986,10594.450462299486
41.33649833,-92.1785067,60.72,1.947922924621002,3117.1664562556552
41.21842119,-91.26102611,76.345,1.9657431316030036,3883.7729494058044
41.33521503,-92.64083907,94.5,1.626886636454,5808.640742539652
43.35638371,-92.78887719,55.35,0.9536947636419996,5803.743724944832
41.48370744,-91.1121697,115.93,1.1520497012230009,10062.933906144
43.08193849,-94.67824621,45.71,1.5575527250700003,2934.732113029797
41.33640314,-95.53907776,58.08333333333329,1.5784163325160003,3679.848727917576
41.63935978,-90.61959493,71.82,0.9131106280800002,7865.421537258423
42.07991767,-92.53266945,89.815,1.7192292729129977,5224.143249249172
40.75326764,-91.95017958,29.21,1.638203288480001,1783.0509928412096
40.73969028,-93.32752197,34.81,2.0164356477999967,1726.3134599896086
42.38979414,-96.0459439,40.87833333333333,1.4535118542120011,2812.383897308831
38.21413251,-95.29272815,51.64,1.350059161474999,3825.0175602364734
37.85508555,-94.84865997,74.04,1.1182626269119984,6620.984929493363
37.14994405,-96.2454192,47.45,1.9878610698300028,2386.9877387385936
39.34948772,-97.16518128,52.69,1.5809706754379982,3332.7626387126097
37.23781842,-96.83776647,122.52,1.3460316703239994,9102.311832715537
39.79067154,-95.14056866,43.49,1.3534805318370011,3213.197307018043
38.91458712,-99.31751551,60.19,1.3174478271699983,4568.681867979074
38.56443815,-95.28644341,93.32,0.9149281609419994,10199.707909735645
37.56227336,-101.3079758,34.48,1.4327761402889998,2406.516903125227
37.99978709,-101.7921066,13.08,1.151079965714999,1136.3241816023872
38.08780079,-99.89829881,23.42,2.2672581427960026,1032.96574650817
38.88548175,-94.82250877,50.35666666666666,0.8564310831180003,5879.82707065391
37.19113093,-95.29849679,77.63,1.2300430896470014,6311.161019755682
38.21267844,-94.84254089,49.2,1.1033431345029998,4459.1748896105755
39.78359669,-96.52278974,49.48,1.5629834298169998,3165.74053544466
39.39331582,-98.20906732,22.455,1.6350404590819994,1373.3605107611502
39.78345387,-96.01392079,57.12,1.610973274233,3545.68265741065
38.65235984,-95.72707998,65.165,1.424642317297,4574.130587643835
38.18108732,-99.23692334,26.135,1.3794203799239977,1894.6363545418963
39.78525843,-101.0761617,13.54,1.4445405605280015,937.3222441778252
39.28935726,-96.73420026,72.72,1.2242393335379995,5940.014996074526
38.78369175,-97.65185177,50.19,1.5455941585010007,3247.29488164454
39.04100763,-95.7557264,62.275,1.3900764759540007,4479.969345374402
38.03100851,-98.71762001,40.39,2.0097364692060005,2009.7162299073539
39.35107575,-101.0553705,25.0,1.2150144192599988,2057.5887498706543
38.91686134,-101.7638876,11.93,2.1698330169019986,549.81189368356
37.8865336,-95.74006277,33.19,1.6249544551000001,2042.5187854238952
38.00671029,-84.99171713,74.79,0.9525292822740005,7851.72712186356
36.73355174,-83.67766671,138.98666666666665,1.508629025539999,9212.779570969591
37.62680923,-84.8633779,133.01666666666665,1.4527659382620013,9156.097562818653
37.97162523,-85.68955617,85.04,0.977279406879999,8701.707966147918
38.94384345,-84.37875208,80.93666666666667,0.8422022902099993,9610.121892032077
37.32533118,-84.92726209,94.24333333333333,1.492139332600001,6315.987473443086
36.72581156,-85.13377529,72.135,1.3283915914099984,5430.251174913984
37.21218923,-86.23955613,74.705,1.5560671367079997,4800.885401258789
38.36758311,-83.69657514,82.09,1.322106888429,6209.0289914111145
38.75398691,-84.8558382,68.05,1.7327512669830014,3927.2803486957473
37.46231118,-86.34248968,120.85666666666668,1.4624140186359993,8264.18956099657
37.6976111,-85.96319251,62.99833333333338,1.1412376870229999,5520.176388291999
37.79344553,-87.57392021,151.51,1.0534626591339993,14382.094959545035
37.41866422,-83.99825483,75.99333333333333,1.566371033155,4851.55379694853
38.93950319,-84.53241199,98.62333333333333,0.8768196252079992,11247.84739049812
37.10975748,-84.11321779,70.36333333333334,1.1664782302899992,6032.117145970247
37.12306748,-82.85346474,109.19999999999999,1.3782354393870013,7923.174581011279
36.85949479,-86.877635,120.255,1.355948010027999,8868.702864021818
37.55218078,-85.26898542,97.56,1.252714421439999,7787.888311196616
37.05350953,-88.70445755,86.104,1.3469838446239997,6392.355806170435
37.94090733,-83.59985712,51.955,1.2778715022959986,4065.745257379208
38.03253032,-83.9145241,106.685,1.1216264470149995,9511.633778244292
38.33342292,-84.01889177,84.315,1.4387260382969997,5860.392997391115
37.42823949,-83.68811419,48.89999999999999,1.53967287851,3175.9993101471255
37.83218794,-83.82553961,94.19,1.2741131718930008,7392.59290915721
38.19484205,-83.42088935,81.205,0.9524234873699997,8526.14420757699
36.74058474,-86.58047435,106.99666666666668,1.3541197633379993,7901.565988735919
36.80767017,-87.87333656,56.75,1.154422255591001,4915.878893113257
36.99903045,-86.42672751,73.465,1.0668475401949982,6886.1760684729215
36.75700531,-84.14541217,73.79,1.334375386179999,5529.9281419783465
30.65385745,-92.82442028,147.3625,1.5960575018400014,9232.906698544031
30.64836518,-93.34173616,126.8125,1.497358641327001,8469.079918463303
30.22931235,-93.35400434,97.6775,1.310023998334001,7456.161117981012
32.82308512,-92.99526883,99.9875,1.9405837507899992,5152.444462100423
32.73926954,-91.23425694,51.281666666666666,2.1943770563199996,2336.957840448201
31.59882456,-92.56124347,92.21333333333332,1.4019880051299987,6577.326838454862
29.74075478,-90.11115756,120.42833333333334,1.093577555171,11012.326721949066
29.52470226,-90.40976986,113.3311190476191,1.1376353903620018,9961.989580119913
32.81686191,-91.80421614,130.03000000000003,1.7008426890899997,7645.033890204735
32.09530039,-93.34213308,97.815,2.0336692924800013,4809.779070849687
29.90709658,-90.35555967,120.84333333333333,1.2388789793279995,9754.248425369356
30.59724262,-92.00135806,173.78,1.5235119876800014,11406.539719102018
30.62888673,-90.40664996,93.05666666666667,1.4060693029049987,6618.213375002759
32.83121059,-92.3749373,120.01833333333332,1.6709246446600017,7182.749606147233
32.70847669,-93.33121835,160.9175,1.7323661737400022,9288.88490431532
31.94449367,-92.63789413,89.51,1.389436490330001,6442.180022113911
44.97330019,-70.44381045,113.03030000000001,1.1350085176570008,9958.542005775302
44.05996956,-69.54227124,52.427,0.6646801570359994,7887.553050144767
45.83839062,-69.2860223,61.26666666666667,1.0970517415830017,5584.665184365993
44.4858305,-69.12061935,83.3503,1.003960078537001,8302.152822795544
39.00670238,-76.60329337,112.89119047619047,1.075871882627999,10492.995708785944
38.87172293,-75.82904158,96.69912008281575,1.3062691468169998,7402.69494372148
38.45413522,-76.02752426,117.28547619047619,1.2793369383500006,9167.676839046233
39.25305293,-76.93126208,91.44054865424434,0.9381242164359992,9747.16855744685
39.06198912,-76.03530977,100.56681159420292,1.3936575422450002,7216.03468182025
41.72980578,-70.28854339,138.6452380952381,1.324135886667999,10470.62008447783
42.6687626,-70.94687179,102.34790476190479,1.108654160241001,9231.725134162329
42.48607732,-71.39049229,117.48416666666667,1.0413666413070002,11281.729412727726
42.59147037,-85.89102866,105.00833333333333,1.23257546487,8519.42427268813
46.6720582,-88.36363591,62.40555555555556,2.120697433062997,2942.6902009977466
41.95447397,-86.4131308,98.245,1.4510490316990003,6770.618900793943
45.37790017,-85.19614053,93.16666666666666,1.5089976928200017,6174.07615067705
42.94400871,-84.60145248,108.21666666666668,1.1749536443600002,9210.292438865752
42.59599185,-84.83740035,122.79666666666668,1.2503192490000008,9821.225000325225
43.98901072,-84.38774817,130.895,1.9603450500299997,6677.140843036632
41.88753639,-84.59312019,96.92833333333334,1.6168068002949982,5995.047356038338
42.94502238,-85.07413319,138.49000000000012,1.08329356661,12784.161585430918
42.24807035,-84.42258681,95.44000000000001,1.2028191255359986,7934.692587920912
47.63197653,-88.41434263,51.67286324786324,2.0741332842669973,2491.2990712708483
41.89475156,-84.06603727,66.75833333333325,1.2755535261589988,5233.675574113992
42.69158356,-82.92752801,75.63333333333334,1.4009781325459998,5398.6091271735095
43.64064262,-85.32463223,119.565,1.2865314839000004,9293.593005400056
44.33772443,-85.09256478,88.51666666666667,1.805957484250001,4901.370460746305
43.29123859,-86.15176712,107.23166666666668,1.437672557833001,7458.698858959694
44.33481032,-84.12725175,113.3075,2.5338540175000026,4471.7453814404635
45.02085831,-84.59898295,99.4875,1.6956192576899993,5867.325435754678
44.33473082,-84.61067651,116.6475,2.198579378720001,5305.585103227495
42.953928,-84.14585902,55.19333333333333,1.188939432417001,4642.232550158633
44.33853602,-85.57712739,114.645,1.58873233455,7216.130590838172
47.97373527,-94.93732139,103.42,1.0252917884299992,10086.884647575707
44.24205652,-94.72562874,78.76,1.0386181107279986,7583.152959348528
45.02343421,-95.56403693,54.785,1.3290280740619997,4122.18530738458
47.90504893,-90.52629546,55.81,1.4351482428309998,3888.796873687987
44.02238415,-92.86244324,41.515,0.46522897800600016,8923.562796525666
43.67385583,-93.34884422,77.97666666666666,0.8737599643430007,8924.266371634345
43.67129565,-91.49143057,43.56,0.5492736296779988,7930.473564794332
43.67423373,-95.15398258,34.43,0.8729855777839985,3943.9368617517944
48.24539665,-93.78352843,61.34,1.166177642228,5259.919053396446
44.37136597,-93.72844721,59.065,0.7388651386750003,7994.016351335874
48.35825983,-96.37017407,39.57,1.0305868196209997,3839.560068753057
45.93705297,-93.63236823,112.115,1.3511495571769987,8297.749083694744
44.35291112,-94.24710352,70.84,0.7482917186250003,9466.89616319285
46.40846929,-95.70835255,144.36,1.1079875692120011,13029.027040679579
47.77372465,-96.40134647,86.21,1.1536535183829992,7472.7809195983655
44.40555844,-95.25207021,53.48,1.0779407314659992,4961.311734390741
48.77501878,-95.81079919,34.02,1.6025468879679994,2122.870803682802
47.6048407,-92.46879855,68.49230769230769,1.1084842399109989,6178.915786642758
45.2829032,-95.68264092,52.185,1.2598203064599982,4142.257410236225
44.28424356,-92.23121312,33.56,0.3884754881699996,8638.897696761222
43.97823903,-94.61413846,40.04,0.8480658173380007,4721.331668063432
44.71710183,-95.86842453,36.395,1.0578531330159997,3440.4586860026384
33.08658803,-89.57838564,99.145,1.866323475040999,5312.315969117947
33.44834567,-89.91994479,92.83,1.9031128101400003,4877.798074049592
32.04158545,-88.6889622,84.39,1.4138256856599996,5968.911221230587
31.63225413,-89.55389939,110.61,1.371384967045998,8065.568943653878
30.86259065,-88.64436789,88.5355,1.2520550372699983,7071.214712177852
30.51359752,-89.12467576,129.49133333333342,1.0955042103449995,11820.249717940711
32.72531359,-90.97392828,31.593333333333334,2.5181266615599993,1254.6363856757316
31.73397872,-91.03764977,52.73,2.0575189511400005,2562.7953497480116
34.35687874,-89.48490961,164.13,1.1482127719799984,14294.388984802123
32.7536828,-89.52402044,117.77,1.7938766178439984,6565.111492536421
33.47386518,-88.4419153,131.18785714285713,1.303953483540001,10060.777381928187
33.89236763,-88.4808438,123.575,1.635557606508998,7555.527210304967
33.11009499,-88.56949061,66.21,1.609247007117001,4114.346629646157
31.17161885,-88.99281835,74.77333333333335,1.664335533428001,4492.683826759626
34.25157572,-90.28908,114.4275,1.5535109914799998,7365.734817942108
31.91282117,-89.91716179,131.65166666666667,1.714785005669998,7677.44447445923
33.95339918,-90.1729398,81.97,1.6378784297000002,5004.644942727155
34.64967704,-90.37481167,78.49083333333334,1.6470667146699984,4765.492049243405
32.35810271,-90.83352619,73.89833333333333,1.803231680929999,4098.105313634518
31.16078225,-91.31018819,71.625,1.6211436969200008,4418.1771261905915
40.19058551,-92.60078167,57.62,1.2289515073499988,4688.549520090229
36.70978521,-93.82919888,132.535,1.8752635127199984,7067.540060423989
37.32449052,-90.02725304,58.79166666666667,1.5050061056439998,3906.4071864020393
39.65620858,-93.98308093,66.56,1.962805587440003,3391.0643227183364
39.42762566,-93.50626255,92.52,1.8757580731099999,4932.405800424049
39.51499357,-92.9629191,58.13,1.9370401855239983,3000.970265584602
39.6013098,-94.40465394,107.21,1.9709601486000028,5439.480857903321
37.431814,-93.8503345,61.41,2.2992326311199975,2670.8911124876513
37.60663134,-91.50790473,102.945,1.991877196784,5168.240299462768
38.43947277,-91.50847147,102.71,2.28278070109,4499.337143990977
40.35570088,-93.99222144,37.56,1.5132518406260003,2482.071985087573
39.1435761,-92.69756691,59.415,1.355303984939998,4383.887353701717
37.20351921,-94.34050458,89.81,1.5746674725799994,5703.4263781960035
40.12699751,-92.14780832,28.33,1.4141110232949992,2003.3787682376371
40.09673161,-91.72070156,53.59,1.3616537615050008,3935.6554151305218
39.83049768,-92.56453089,65.71,1.531478191484999,4290.625904132807
36.62869595,-94.34867205,83.785,1.3883173030100024,6035.003656465726
38.63571781,-92.57976951,122.54,1.4944708432799996,8199.55775992622
36.59666326,-89.66070007,87.37583333333332,1.6401301968060005,5327.371784477205
38.46036182,-91.8613635,72.26,1.6073731116570005,4495.533705021916
38.72798918,-93.28471706,153.22,1.4488318082899991,10575.416630370624
37.6162296,-93.39828174,116.63,1.405043110909999,8300.812914164795
39.44007257,-92.4971374,92.19,1.6690284366970018,5523.572754844339
39.13734288,-93.20259964,99.485,1.5873667442199988,6267.297734581493
37.15772072,-91.40190382,61.9,1.8881107335200011,3278.409412174674
37.81214171,-90.47598685,60.06,1.2849922219520016,4673.958252351463
36.85571651,-89.9444155,129.975,1.9329879757799988,6724.045965549915
37.31728859,-91.96564727,97.645,1.9881086134800023,4911.45198697577
37.96130078,-90.87948158,130.755,1.8561651632500011,7044.36235464403
37.27029221,-92.46914488,103.46,2.067891634754001,5003.163524683813
46.33277565,-111.4955813,24.11,1.4340163762290004,1681.2918178383366
47.88084126,-110.4353362,31.405,1.1052984659160001,2841.313995127421
46.05953325,-113.073353,62.105,1.1791841022559992,5266.777247181466
45.54486106,-111.1692571,27.23,1.1091240112679999,2455.090659237415
46.4060522,-113.4414186,40.54,1.3767811118050006,2944.5494023992574
47.64514965,-114.0898013,94.81333333333333,1.3646195418470017,6947.968311006614
45.30080065,-111.9173017,30.451666666666664,0.9813642804350016,3102.99317733152
47.03728583,-113.9213508,36.495,0.838971639594,4349.9682560975325
48.25936577,-107.9128511,42.57,2.25454181945,1888.1885282742298
46.86048047,-105.379384,44.54,1.740232978244999,2559.427419018227
46.23397237,-106.729288,58.82,1.8155710527469973,3239.75202793656
45.67071407,-109.3950061,77.31,2.0400528932629984,3789.6076251407953
46.2097322,-107.2666516,61.81,1.712399829370999,3609.5542022276495
46.95925154,-104.2510927,13.485,2.4977950521609995,539.8761595084944
41.56896142,-101.6959559,2.9,2.4630117740300026,117.74202748755005
42.22079243,-103.0878834,33.11,1.5175762833670003,2181.768413416415
41.85056773,-96.32605633,33.485,1.4760061696590012,2268.6219535068726
40.5237198,-101.6978026,12.02,1.3738899936979994,874.8880954905744
41.57486951,-97.0868542,37.38,1.0730726400040005,3483.4547640559217
42.71985036,-103.1313774,42.27,1.8088769150450008,2336.8090801771564
41.58071748,-96.65598179,112.445,1.227534260055998,9160.23313230137
40.17636348,-98.95299073,26.31,1.2046804566829992,2183.9816404461885
41.61703149,-102.3313973,7.88,1.7270281591100014,456.27513126716144
41.56742671,-98.52150266,13.91,1.4974278203069986,928.92624347985
40.52451972,-101.0603568,15.49,1.3135099799730008,1179.2830078320683
41.2200529,-98.5166499,24.85,1.6875479315889987,1472.5507664011172
41.19930341,-101.6620164,24.16,1.768001301810001,1366.5148309147776
40.78416049,-96.68777155,69.825,0.8302873421840004,8409.739189366812
41.91676024,-97.6005481,60.53,1.2099909369190012,5002.516808442176
41.39750195,-97.99327291,21.09,1.7718851530640018,1190.2577299398035
40.13141096,-96.23705437,29.245,1.4432575348119996,2026.318885895128
41.57246836,-97.52144359,70.565,0.9794785879169996,7204.343297597398
42.42252217,-99.44832069,8.0,1.6178819985560011,494.473639433543
41.85070896,-103.7080986,96.15,1.7148576254059977,5606.879461916624
42.48932059,-103.7576544,18.66,1.448481127466001,1288.2459872048275
42.15725356,-96.54157099,48.69,1.3353116964029994,3646.3396622046266
42.20934475,-97.11926964,22.73,1.0722806788060002,2119.780804528734
39.15509045,-119.7480219,71.03533333333334,1.412167018258198,5030.235971730178
41.14531606,-115.3577619,106.32666666666665,1.200598348052999,8856.139677278066
39.9332233,-117.0397075,34.45,1.5954342666299985,2159.2867046016254
38.04264256,-116.4722702,29.67036363636363,2.438371708671998,1216.8105269119487
40.66562265,-119.6631594,50.974484848484856,1.2262604004779991,4156.905403502787
42.92015988,-72.25311043,87.80961904761904,0.7500713302849996,11706.835803770104
43.29662971,-71.6811573,84.51499999999992,0.7588410355950004,11137.37871776168
39.80343818,-74.96388753,64.66222965440363,1.1603901928299987,5572.455718253117
39.71581067,-75.13995546,81.45948558687684,1.2009133777640013,6783.127500715121
40.43629879,-74.41426991,54.62995891065461,1.1352002291499992,4812.363273707207
41.03238628,-74.29954144,55.53059420289852,1.2307954893339998,4511.7645201110445
33.91514144,-108.4046587,47.94233333333334,3.4312761090600024,1397.2158406822916
34.57421077,-103.3468876,38.400652173913045,1.6349346911449987,2348.7575608919155
32.73911281,-108.3827845,89.38777777777777,1.5231005701,5868.803382557264
32.79215361,-103.4123733,48.475,1.9144662180279992,2532.0373660043897
35.5800772,-108.262245,85.66333333333336,1.4162478297839993,6048.611798854329
36.51072137,-106.6931674,131.0623188405797,1.2266499262660013,10684.57397943532
35.68862401,-106.8687803,77.27498550724643,1.0982469762019988,7036.211998004478
36.58006022,-105.6310198,89.93,1.5103347716079998,5954.309050585833
34.71669834,-106.8103733,72.51468247694336,1.497398309120999,4842.711657629081
42.15903158,-75.81326086,115.25491666666667,0.9569580949240014,12043.883350589123
42.13891056,-76.7638805,135.26653846153857,0.9782493000040003,13827.409685954843
42.59509207,-76.07048931,120.32114285714285,0.9555062695450012,12592.397003782939
44.11630765,-73.77297842,83.70690476190477,0.8289750592120001,10097.638503319286
42.275797,-74.12384884,138.77226708074534,1.2380092164650005,11209.308075831157
40.6361825,-73.94935552,109.6740024844721,1.3638491594200008,8041.505303351344
43.14638895,-77.69322942,135.40371428571416,1.0526740855160002,12862.833439976052
43.19898042,-78.74777412,125.86700000000002,1.1488179516390002,10956.218069227381
41.40337468,-74.30240757,114.39943478260882,0.933462870960001,12255.381369904626
40.58582155,-74.14808598,90.0778997929607,1.1745463383240016,7669.165264394403
42.58831742,-74.4433903,78.40517391304348,0.8471411829989997,9255.266475828512
42.2689144,-77.3829924,129.01375,1.127797702475001,11439.440754035384
42.44945765,-76.47229843,82.91066666666664,0.8444574117160006,9818.217652703877
43.31153794,-73.43043448,119.47971428571427,0.8073356187449999,14799.262105076574
42.63505484,-77.10369919,106.91285897435898,0.8938922501430008,11960.374302076738
34.97403241,-80.09953279,114.55666666666667,1.2513471512560017,9154.66715624708
36.0688473,-76.96545943,83.97383333333332,1.233371074692999,6808.4808421695325
35.74989637,-81.70755735,83.55,1.148349763430999,7275.65787538217
34.8932941,-76.54120135,115.19422222222221,0.9496515002259989,12130.157451950341
35.1349263,-84.05970864,128.9466666666667,1.5775088531499994,8174.069287103116
34.26744084,-78.65801424,134.70949999999996,1.1678992284740013,11534.342751130496
35.66520691,-75.71767334,33.24,0.5406481106010005,6148.176484525106
36.03638492,-78.87608331,137.3375000000001,0.4758498030149995,28861.522927996462
35.29373559,-81.17477045,102.23166666666663,1.1137726885640011,9178.86277122444
35.48544173,-77.67578087,98.05250000000002,1.0825021889710005,9057.949350957551
35.55269063,-82.98196486,90.6783333333333,1.3911829578049997,6518.073904269575
35.42017674,-76.15180542,29.539,0.7888658506180002,3744.489633675871
35.02254606,-77.35870791,65.44933333333333,1.368169956693,4783.713676298721
35.14867843,-83.41696617,123.66333333333333,1.3347235307120004,9265.089772364006
35.24469268,-80.8317671,85.44666666666667,1.0553517285099998,8096.510799039927
35.96575634,-77.98422508,102.28083333333336,1.038387541672999,9849.967303011312
36.06092947,-79.12167935,143.2566666666667,0.5508794840549999,26005.082928875952
36.17847453,-76.40603143,53.48,0.9220968712950008,5799.8244723346925
35.71015088,-79.80570339,93.8,1.080430019179999,8681.728416912209
35.64003916,-80.52446628,93.52000000000002,0.8914203208679993,10491.122740946399
35.31647813,-80.25093221,114.20166666666668,1.2000179474629993,9516.663222254676
35.20383864,-82.79638423,92.42333333333335,1.1544157380959985,8006.0701083102895
36.36880673,-78.40670845,123.17666666666668,0.9020125260769991,13655.76010372963
36.23103603,-81.70033724,88.40333333333332,0.8933262170040004,9895.974354118553
36.16222629,-80.66239436,133.3,0.9538212903760004,13975.364289410294
48.0683985,-99.35916363,23.44,1.2550154866259984,1867.706036282981
48.79094471,-102.5182117,17.065,0.7965710694660001,2142.3072785507916
46.11017712,-98.5049008,54.4,1.5470230557079998,3516.431109367253
46.28398398,-100.2389766,11.68,1.6298218086989993,716.6427604330272
46.35821257,-101.6390013,12.953333333333335,1.8082736439429992,716.337008877051
46.45681054,-98.53542355,26.953333333333333,1.7652244293159998,1526.9068842298643
47.7413337,-103.395905,29.94,0.7274237621809992,4115.895239692522
48.20197971,-102.3555315,31.38,0.9799985718349994,3202.045482703356
48.24977025,-99.96407787,29.04333333333333,2.222194779155003,1306.9661402218373
46.26440649,-96.94852979,36.829999999999984,0.7072546735969998,5207.459402521539
46.11323337,-101.0440149,17.183333333333334,1.300991463798,1320.7875540681737
46.97962541,-98.95637318,59.62333333333333,1.326139240597999,4496.008526710003
48.36876964,-97.72574783,33.43,0.9884833928420005,3381.9485731454733
15.0979,145.6739,59.034402898550724,0.4135442994065,14275.230726979968
41.70860332,-80.74830218,153.60116666666664,1.7027592134200022,9020.721512242342
38.93416837,-83.86788395,170.50666666666663,1.3583173092959993,12552.786119985347
39.91592258,-83.78498252,162.21250000000015,1.4023913538340003,11566.849692600223
40.30096166,-81.91729018,130.60916666666668,1.6822021682509982,7764.1777624423285
41.32398837,-84.49076944,155.82083333333333,1.4190426155099993,10980.701469443313
39.56021306,-83.4562016,135.615,1.4189145999480002,9557.657663468259
41.49952319,-81.17935342,141.80383333333322,1.4141340736899997,10027.608836502644
41.00250487,-83.66838948,160.0800000000001,1.5105335956700001,10597.579587695056
39.1839264,-83.60331456,162.4983333333333,1.445155219414999,11244.351551324215
39.01914254,-82.6181856,140.83833333333334,1.3161848728029981,10700.497798109363
38.59743452,-82.53466552,153.00833333333318,1.2460683930999987,12279.288535091995
41.62101218,-83.65468618,147.62416666666658,1.2835449925500015,11501.284919773918
41.11770589,-81.8998621,129.37516666666667,1.3185580689500003,9811.867198969194
39.72984936,-81.08464734,84.49333333333333,1.7531932004380004,4819.396590873404
39.96575964,-81.94363275,117.66416666666667,1.235514491180998,9523.495475491702
39.73508655,-82.23804971,120.79416666666668,1.3118056148549995,9208.236746266608
39.7420247,-84.64787018,143.49916666666678,1.5217481721730013,9429.889208393473
41.35624126,-83.137872,171.6425,1.3882925853599979,12363.568156311332
40.81482476,-81.36437305,121.50615384615388,1.750599134560001,6940.83250970494
39.42581994,-84.16557457,157.72333333333333,1.2740085409389994,12380.084455091988
41.36224827,-83.62285108,146.57416666666666,1.1485198702600001,12762.005295867055
34.37366573,-96.03802487,75.778,1.3497046424870005,5614.413525345035
33.96472458,-96.25903472,114.51666666666667,1.0607271735129986,10796.05288958531
35.90692775,-94.99980896,140.75,1.0694610271120013,13160.834890831387
34.58840127,-96.29798747,48.973333333333336,1.4636385590730001,3345.9991218290083
35.90230551,-96.37086028,118.59,1.5857524287359999,7478.4687603807015
36.2180194,-99.75324573,17.49,1.3711365023099986,1275.5841574149636
36.796297,-97.78638765,42.055,1.5071438254759986,2790.377354113357
35.222576,-95.11513306,62.145,1.2841958847569988,4839.215008990576
34.31440473,-96.66011537,65.56666666666666,1.4710968391759998,4456.9918798406425
34.87844729,-95.25215049,63.145,1.5035662412070012,4199.681947455125
33.95273467,-97.23906784,70.865,1.187894897013998,5965.595119411051
35.01123903,-97.44572302,123.34333333333333,1.1074170259360014,11137.930015937956
35.61318461,-95.37802952,86.90166666666669,1.5498049421720006,5607.2647790680585
35.55140095,-97.40716948,109.27,1.1141535552179995,9807.44525637849
34.72959848,-96.68337199,91.275,1.5241618030980006,5988.537425257285
36.37004357,-95.60406759,85.755,1.3951427990000003,6146.682623561316
36.74777635,-101.4889765,47.98,1.1194869836579988,4285.891725442142
35.96024096,-95.51911308,100.755,1.3996758554570008,7198.452385041894
36.42316318,-99.26283045,70.57,1.6830457539879966,4192.993555450502
45.99712889,-123.660711,74.065,1.4055167351850004,5269.592182426148
42.45911325,-124.157282,101.16333333333334,1.3732834870149995,7366.52951046723
44.49024544,-119.0068631,33.945,1.1868633706890017,2860.059619187181
44.62806839,-121.17832,87.015,1.0766521399020008,8081.997590040576
43.93727035,-122.847753,69.555,0.9027395732169988,7704.879908181505
44.90287942,-122.5815117,88.27833333333334,0.9601265065749992,9194.448099161771
45.41501554,-120.6827834,23.48,1.4391053468040018,1631.5692282114665
45.30915495,-118.0068979,72.81,1.6144677443440003,4509.845443185647
44.72698162,-120.0281427,21.27,1.1596321090850017,1834.202402068956
40.81665618,-79.46290811,45.25647435897436,2.001637394558997,2260.972665778225
40.47961444,-78.34917412,43.20853846153843,2.046342840149998,2111.5004589539462
40.49527404,-78.71377428,85.85571794871794,2.051603340569999,4184.810789246647
39.97291773,-75.74768357,88.14289010989012,1.2200192472159999,7224.713078176935
41.04821986,-76.40565017,124.95845596432561,1.5503598179200009,8059.964823648023
39.91680171,-75.40243663,111.87085284280931,1.3754851018200016,8133.192623808507
41.51095103,-79.23229292,71.14304487179488,1.6900271346079991,4209.580036612635
40.42162652,-77.97673273,111.9484102564103,1.9525224873130025,5733.527320879671
41.43564672,-75.60379201,160.3833095238095,1.604563461592,9995.448192786465
40.6154815,-75.59435245,112.28312780697564,1.4977610561310002,7496.7316947754125
41.30248872,-80.25816981,157.1463333333335,1.821188408009998,8628.77957284202
41.03023987,-76.66345939,118.39585367892974,1.6067908331600007,7368.467085792749
40.00338507,-75.1379271,120.87561872909698,1.366837814874001,8843.44999924074
40.77129231,-77.06840691,159.94471153846152,1.764385502768001,9065.179422951349
41.77255149,-77.25433032,127.6338397435897,1.9200732053100003,6647.342371666653
41.81304978,-79.26969577,144.78700549450548,2.146282617377999,6745.943163411731
41.51955538,-76.01074915,111.13198717948718,1.8227624822349995,6096.898979576403
18.459681,-67.120815,78.7460484848485,0.7055950087689995,11160.233208314643
18.406631,-66.675077,83.40877575757578,0.7110588619169995,11730.220973929992
18.34946,-66.168435,101.00544242424245,0.6180549095689999,16342.470686735345
18.328802,-65.887612,100.68998787878789,0.6180549095689999,16291.430796820945
18.251818,-65.666416,85.21119999999999,0.4986863620709997,17087.13261099131
18.224687,-66.221622,81.84544242424242,0.4679738193449998,17489.320778413952
18.318373,-65.666866,101.32619999999999,0.5523283342889999,18345.28372158111
18.039942,-66.79186,75.17810909090909,0.49179444218300006,15286.490176099795
18.134532,-67.113972,72.67778181818181,0.48633058903500015,14944.110746229731
18.050764,-66.494581,81.67144242424243,0.4893110334000001,16691.109917702994
18.23679,-66.98362,71.58938181818183,0.46499337497999993,15395.785331621337
18.420473,-66.490461,88.78544242424243,0.7085754531339995,12530.132398963038
18.377805,-67.080952,89.4560484848485,0.615074465204,14543.9379368771
18.215046,-66.433604,82.45144242424243,0.4679738193449998,17618.815202022564
18.059498,-66.613748,75.17810909090909,0.49179444218300006,15286.490176099795
18.08282,-66.943758,71.15538181818181,0.48633058903500015,14631.07265355684
18.147987,-65.976392,79.04838787878788,0.4679738193449998,16891.626114774554
18.431446,-66.213553,89.03544242424243,0.7085754531339995,12565.414456631599
18.409346,-66.33725,89.03544242424243,0.7085754531339995,12565.414456631599
18.070399,-65.896289,81.60598787878787,0.4893110334000001,16677.73303858385
41.67106337,-71.57641596,137.05888095238095,0.9769493012889993,14029.272631808399
41.45961631,-71.61435303,84.28194047619037,0.8116551556200002,10383.959233501055
34.51828081,-82.63959517,77.08666666666667,1.6799337929799978,4588.672898229181
33.20222596,-79.94654523,87.17666666666673,0.8721708425989995,9995.365862826511
34.69249168,-81.1583216,125.08166666666666,1.2356810578530004,10122.487989254803
34.33358335,-79.96027485,149.21416666666667,1.4324520415630004,10416.695452076265
34.39287073,-81.1195624,106.65166666666666,1.407852018184999,7575.488424142891
34.15272415,-82.12715789,89.69916666666664,1.3838460880500014,6481.8744975507425
34.33988254,-80.58763164,99.07833333333332,1.1947630572750005,8292.71818625777
33.89665987,-81.27146426,108.76666666666667,0.9523352531740004,11421.048029479383
34.28629098,-81.59935761,71.81250000000004,1.3800298418470018,5203.691820452792
34.01791263,-80.90267209,83.16916666666663,0.9956892836199994,8352.923751904895
43.71757685,-98.56050467,26.14,2.034373722670002,1284.916321357745
44.36974375,-96.79079945,50.78,0.9427218012289984,5386.530780745668
44.90608745,-103.5079318,41.295,1.4807003108050023,2788.8830507200632
42.91296147,-96.97656917,31.36,0.9119082196240004,3438.9425739500857
43.67490933,-98.14458906,62.09,1.280503153860002,4848.875210719577
43.38520741,-98.36978007,42.58,1.574417460548001,2704.4923641268147
45.1723937,-96.77002276,50.58,1.6366226703339983,3090.510776664101
44.54708407,-99.00386459,26.79,2.2231617057560014,1205.0405479114654
43.33449012,-97.75536441,23.37,1.2526011060789997,1865.7176563698556
43.96278565,-100.6940008,24.25833333333333,1.4528929821850005,1669.6572721310354
43.27841182,-96.7203905,89.735,0.9755131163830009,9198.748688558762
45.76626028,-99.22118798,15.75,2.4395592953599965,645.6084109107843
43.67441641,-96.7910885,35.58,0.9045910195619993,3933.269204598974
45.49049506,-102.4755586,17.365,2.056206054737001,844.5165288758508
44.93837606,-98.34626602,38.64,1.805675832052,2139.918988453695
43.34459388,-99.8854891,20.39,1.5124147318680015,1348.1751777712498
45.43019636,-100.0307514,21.883333333333336,1.8767458197099993,1166.0254203584595
35.51123746,-86.45549096,76.21,1.3201659691880012,5772.759015055867
35.15739424,-84.857186,130.72833333333335,1.2346261304099984,10588.495586912672
36.28969086,-82.12588974,140.705,1.4995730844760018,9383.003833332124
36.55151008,-85.53930419,87.0,1.7486985865900004,4975.128399323056
35.95271721,-84.99840585,102.97000000000001,1.7278504792199985,5959.427695762404
36.14669837,-87.35891709,105.75333333333332,1.2912290673620024,8190.129544511319
35.15634626,-86.09201039,126.925,1.3804156364499998,9194.694456403846
36.17470125,-82.84691273,103.51666666666668,1.456932514343001,7105.110610654961
36.52692871,-83.22375847,111.50333333333334,1.6923189587799998,6588.789468725008
35.58332824,-89.28536625,104.78666666666668,1.3819982367499994,7582.257623793364
36.28872054,-87.71878828,79.55166666666668,1.888794014348,4211.770371060151
36.4552395,-81.84886538,109.12,1.7274739130180004,6316.737936109312
35.21675201,-87.39787695,97.49583333333332,1.4506032385400007,6721.054437425679
36.53157855,-86.00778595,132.78,1.521240090278,8728.405256249527
35.6187413,-87.07462444,122.70833333333331,1.2037233074040004,10194.064747152832
35.44550387,-84.24902965,87.17666666666666,1.443449288469999,6039.468609186167
36.35732446,-89.14921589,84.58666666666664,1.8286882927399994,4625.537714791564
36.55606529,-85.077633,65.725,1.747012614750001,3762.1365435535395
35.84923189,-84.52458689,138.16666666666666,1.3881794566569985,9953.083947762661
35.36979721,-85.41022136,72.55,1.4413324342199982,5033.536904986231
36.50235092,-87.83920548,72.28666666666666,1.7869478954759999,4045.2587817291246
36.39026213,-86.16087954,72.12,1.227582810889998,5874.960072772034
35.69864497,-85.45221699,86.25833333333334,1.8728314078100001,4605.771399049727
36.29896232,-88.71990865,154.37166666666667,1.600669542537999,9644.193418080356
31.81534745,-95.65354823,91.23866666666669,2.2663513611430015,4025.7953038954993
33.61569967,-98.68754589,43.21666666666666,1.605227018600001,2692.24640290182
34.06854817,-102.8299707,48.39,2.3492162259690033,2059.8359344312858
28.41761668,-97.74215593,78.60000000000001,1.722750801557999,4562.470667778343
32.74363984,-101.4316509,25.25,2.0443308079900024,1235.1229997275218
30.6636448,-96.30205577,67.23683333333335,0.7912002999260007,8498.07985912314
31.77430356,-98.99907113,72.35,2.089821875279998,3462.0175458880394
28.47048236,-96.61633945,59.29685714285714,1.8290702178540013,3241.91256104036
35.40365929,-101.3542669,48.62,2.0531992227599996,2368.011806211522
31.837258,-95.16559897,62.88833333333334,2.5031885948800037,2512.329013561523
31.88911733,-100.5297533,28.823333333333334,1.7905986759090018,1609.7037108944078
29.622098,-96.5273805,77.75138095238096,1.4273893284449994,5447.103982280956
33.63979567,-97.21240912,122.27166666666668,1.6801671977369992,7277.351136919778
30.72367027,-101.4134238,16.794,1.6166233664030014,1038.8319474415844
32.76670599,-96.7779605,69.93666666666665,1.1325867824449989,6174.949924427795
33.38570922,-95.66921122,64.415,1.6119030137500006,3996.2081744696397
34.96517499,-100.8140093,46.24,1.744671941073,2650.354998634396
29.98202582,-100.304252,71.86890476190473,1.881594860510001,3819.5738237946116
31.25350609,-96.93630086,79.83333333333333,1.5942244260999985,5007.659651071344
34.07227468,-101.3031546,44.96,2.4672561733890017,1822.2672005008437
31.70422788,-96.15072516,95.396,2.0658400581699996,4617.782466882041
33.17969345,-101.2984114,36.44666666666667,2.0379717899200007,1788.3793508298445
29.45634206,-97.49424032,108.48000000000002,1.6277117575959985,6664.570646108523
30.54579585,-95.98902499,112.68700000000003,1.1849355054879993,9509.969063977996
31.70470573,-98.11083887,58.855,1.6876960883500012,3487.298477864008
29.85864939,-95.39339521,43.96,0.975993577382999,4504.128000296178
30.05669873,-98.02944344,68.67166666666667,0.8758010281009991,7841.012337650202
31.99045053,-97.13423143,102.58333333333334,1.7490143543589982,5865.208200131064
31.31925973,-95.42226208,94.425,2.3951904488800007,3942.2752392885272
35.84006574,-101.3546643,93.94,1.7588772135090014,5340.907215040184
30.74685667,-94.02667579,167.3225,2.330029025424002,7181.1337186905575
27.73103938,-98.0904705,95.9114761904762,1.6575290441170005,5786.413006208901
32.5991417,-96.28734728,99.17499999999998,1.5447387546339988,6420.179444743581
30.06040006,-99.34930144,49.419,1.9536352661099996,2529.5919283030316
27.42435506,-97.69894948,111.74333333333333,1.7215191458000012,6490.972441750304
34.06859623,-102.3516289,113.96333333333332,2.468647191330001,4616.428533553828
31.29872538,-95.9936328,94.09650000000002,2.174810153119998,4326.653518009768
28.35101362,-98.1246786,59.305,1.7520483536199982,3384.895164420939
33.17657705,-101.8162849,43.406666666666666,2.2895525658699984,1895.8580516439347
30.71780434,-99.22629416,45.96628571428571,2.1662328989589996,2121.945693668265
31.55255453,-97.20217694,52.92333333333333,1.4364118072610008,3684.412301946289
31.86904128,-102.0315682,48.9,1.3442822494999982,3637.62892935529
33.67521893,-97.72500958,116.7116666666667,2.2283865395290006,5237.496484399662
34.07408766,-100.779722,17.006666666666668,3.595934429988997,472.94151208198485
32.30365282,-100.4060208,77.43447619047618,2.6950247658000013,2873.2380189274527
30.11879481,-93.89412775,123.32,1.4922627531560009,8263.960199984174
34.52993409,-102.7844668,47.75,1.9079967515400003,2502.6248059101554
29.99954402,-104.2408079,43.57180952380953,3.287841160197004,1325.2407096576026
29.83321503,-99.82018052,40.921666666666674,1.8084269074859998,2262.8322160697267
35.83809685,-100.813175,19.69,1.1345251317989997,1735.5278828224687
32.10773545,-94.76176432,88.66833333333334,2.088545371250002,4245.458803715862
28.00880118,-97.51763891,77.567,2.1602494716070026,3590.650108679261
32.73587756,-99.35401337,36.305,1.9103756430199996,1900.411583064762
32.22236802,-97.77403489,62.25666666666667,1.6048275855570002,3879.336772807202
33.17906744,-100.2538401,20.34,2.278844133840002,892.5577532029697
32.30163422,-99.89007449,38.03000000000005,2.0661667603500025,1840.6065149145022
33.21339719,-94.96797273,122.20666666666666,1.6229016839320027,7530.133702898232
30.77031716,-94.37690895,97.88166666666667,2.0410516158779988,4795.648767782923
29.35739637,-99.76229172,40.28,1.7510071547060002,2300.3903720063977
30.73872995,-95.57440968,116.91950000000014,1.259379338719001,9283.89853679248
27.7610369,-99.33237355,52.88028571428571,1.6741986978799985,3158.5429961955456
34.07945812,-99.24178437,71.77,2.6047330555200032,2755.3687257088995
31.85008651,-103.0485163,34.73,1.4239248664709983,2439.0331834061944
33.17659707,-98.68790885,82.445,2.0340693859599988,4053.2048989611667
39.37231946,-111.5758676,74.36333333333333,0.6956176474572,10690.259743289327
38.99617072,-110.7013958,75.09733333333332,0.9243818439386002,8124.059751472302
40.12491499,-109.5174415,101.34,0.7784587304800005,13018.031146945117
41.27116049,-111.9145117,53.50999999999999,0.5436308819249995,9843.075840452777
44.46322849,-73.08359212,50.9775,0.5665470440569997,8997.928863056817
44.60353043,-72.64356694,65.335,0.6104848382099995,10702.149490160726
18.3358,-64.8963,104.92119999999998,0.6198027718249999,16928.159209591966
37.78636074,-80.00222498,58.34,1.4744802695800008,3956.6484003626506
38.8767675,-77.10139853,65.2007142857143,0.6305486517409992,10340.314598356448
37.13128068,-81.13599391,49.60000000000001,1.1439139705260006,4335.990404697363
37.26818323,-82.03749726,88.77,1.3647034435099992,6504.709900319788
38.02679129,-77.34901405,90.01,1.096330065313001,8210.118726818118
38.03527919,-78.48569588,81.6676923076923,0.844082125351,9675.325404353505
37.26420587,-77.39609676,109.18333333333332,1.624259644084998,6722.036943474028
37.51328851,-78.24398086,37.725833333333334,1.4575707428980003,2588.26774049576
36.69455571,-77.53406129,56.7825,2.784610292184001,2039.154281637911
38.88485255,-77.17560759,36.01637362637363,0.6616616344780003,5443.322047044144
36.99536167,-79.88023649,63.79,1.5706840810100027,4061.287738969181
36.66601852,-80.91703124,101.48333333333333,1.6685648911549995,6082.072916150442
36.65677234,-81.23215889,99.54333333333332,1.656055774692999,6010.868405189237
37.03513786,-76.35879121,119.26166666666668,1.0388122415990009,11480.579636132523
36.68542395,-79.87634026,85.66,2.196057634809999,3900.6262241114277
37.31156958,-76.76950618,98.29,0.9205238480379992,10677.615817286529
37.71889653,-76.46400482,42.12916666666666,1.6915851104570012,2490.5141577703403
37.97850256,-77.96274807,96.0,1.0648131246159998,9015.666484635056
38.7464321,-77.48509905,85.3125,0.7229611614359996,11800.42643377217
36.67882005,-78.36131056,76.12333333333333,1.675031182930001,4544.592011724626
37.50694406,-76.99828634,48.146904761904764,1.030563715643999,4671.899857430724
37.89202088,-76.41949732,49.985,1.5587362801569997,3206.7643921757813
38.61807452,-78.48797204,77.00743589743588,1.084939770909,7097.853536414873
37.14259351,-76.35798148,57.86833333333334,1.0485816907079994,5518.724372753524
37.18497668,-77.22922187,89.76786666666666,1.0971779634490004,8181.705216214844
38.68295619,-78.15826963,54.82142857142857,1.004826687074001,5455.809372566079
37.27791025,-79.96189766,78.70833333333334,1.3911292166070013,5657.873646368015
37.2836193,-80.06219455,88.615,1.383085237474001,6407.0526963213115
36.72231125,-77.10642712,91.06,2.1143054050320003,4306.851781359457
36.70155394,-76.63603554,71.695,1.6599893969880009,4319.003490630022
38.06451466,-78.90293905,89.18,1.1679833512910016,7635.382807591143
36.9746148,-82.62410519,95.47166666666666,1.5715878805899974,6074.853837052064
46.18894415,-117.2022851,111.76,1.468312326931001,7611.459629545958
45.77568046,-122.4829204,101.68333333333334,0.9882108633520008,10289.639297065056
48.4711431,-118.5154041,50.343333333333334,1.5189993205869996,3314.2433081457034
47.14003705,-123.7820567,85.25499999999992,1.2292643646330004,6935.448749094177
47.63479026,-122.6436061,81.46833333333323,0.8352054670440012,9754.28640591516
47.57705241,-118.4194388,57.906666666666666,1.0799787200680013,5361.834042713411
48.53234021,-117.2741804,60.654999999999994,1.4574973137860001,4161.585714517878
46.02408726,-121.9164403,36.9459090909091,1.0228456128590004,3612.0709348930945
46.9291895,-122.8290656,75.96,0.8360364245130001,9085.728536797602
48.82227976,-121.7490018,30.47333333333334,0.5429542823040002,5612.504464284032
39.46704621,-78.02414609,95.86,1.0162697588830005,9432.534931016875
38.42424062,-82.23855912,114.395,1.1945470722050002,9576.432998060061
38.02974928,-81.08286634,51.68,1.3514029725899994,3824.173917640119
39.32103553,-78.60826476,84.42,1.1923276055849983,7080.268845958703
38.84263974,-81.68148753,128.12166666666667,1.480270250179,8655.288900872913
38.172154,-82.07017953,97.25166666666667,1.3049100018139992,7452.748965942008
38.77071799,-82.02524219,125.62666666666668,1.2114575299239996,10369.87790026348
37.73048351,-82.13338365,121.94233333333332,1.3358694792780008,9128.311951496913
38.29617706,-80.79759588,87.13666666666668,1.2411098570059993,7020.866539314375
38.32758728,-80.00993811,42.89,1.3251427247020005,3236.6324925222793
38.769899,-79.87919615,84.605,1.006718967928999,8404.033567982495
39.33602617,-80.0421439,81.415,1.325450163833999,6142.441430200503
38.89285061,-80.23689136,99.065,1.1896597978810002,8327.170521896489
39.02775007,-81.37473928,46.035,1.4593783492909995,3154.425308718941
46.31956891,-90.67837132,49.54,1.3441149131660006,3685.6967744901226
44.37835084,-91.75332578,28.4,0.5080410932749996,5590.098985285675
44.73483377,-90.61207486,114.29583333333332,1.2419375305829994,9203.025958936898
43.41576662,-88.70928178,111.52833333333336,0.7645344282570002,14587.745065660121
44.726614,-91.28609183,81.03083333333333,0.8482985430040004,9552.159908985157
42.8671731,-90.7063218,67.305,1.07688627683,6249.963570723907
46.26302338,-90.24295041,53.635,2.2128692499170013,2423.7762805918924
42.57639354,-88.04051686,72.23949999999999,1.1551371995890005,6253.759295926311
45.26271619,-89.07483625,108.39,1.433519394818,7561.111512813624
45.38553432,-88.033246,129.55,1.1646750126739998,11123.274612251162
43.94641218,-90.618819,96.12833333333332,0.7453236126799999,12897.529569428176
43.38352225,-87.94625009,168.13266666666667,0.7871417002830001,21359.898301184923
44.47558711,-89.50152965,147.83416666666665,0.979913596422999,15086.449173305593
42.67151616,-89.071479,67.29449999999999,0.8417818999749997,7994.29163326018
44.78902246,-88.76443896,122.1475,1.1006289106449998,11097.973060549362
44.30360275,-91.35893614,64.27,0.6744209476219996,9529.656548571818
42.66858202,-88.54163073,75.52583333333332,0.8461819842819989,8925.48349365041
44.47068056,-88.96534501,92.83666666666666,1.426899229167001,6506.182410713271
41.65498705,-105.7235415,47.435,0.7871080270840006,6026.4917098778
42.97272268,-105.5081848,55.42,1.4764664243289998,3753.556402421164
43.71930657,-108.4423174,29.2,1.328852404987999,2197.3847426843245
42.96180148,-106.797885,37.26166666666666,1.2485559059759983,2984.3811148800064
44.79048913,-106.8862389,75.75,1.1825063909229983,6405.885040576719
41.2878183,-110.5475782,45.01666666666668,0.6184321668199994,7279.159959958747
1.373333,32.290275,45.76774297924297,1.8918796753089986,2419.1677502834727
45.2835,34.2008,24.103174255696008,2.6144610288099988,921.9175191403344
49.9935,36.2304,25.198800040539172,2.2404347663900026,1124.7281294934478
50.053,30.7667,18.627333333333343,2.1680604640300025,859.1703802719946
46.975,31.9946,18.192761904761895,2.445384009370002,743.9633953216554
44.6054,33.522,20.462131124913732,2.4952683047600046,820.0373116542185
49.2331,28.4682,15.469999999999997,2.119596726530003,729.8558167395348
50.2547,28.6587,16.999999999999993,1.937789262680001,877.2883784322685
18.4207,-64.64,78.7312,0.7403529435959991,10634.279323263227
-51.7963,-59.5236,99.63055661729577,1.2254099944289998,8130.38550935928
49.2138,-2.1358,113.27,0.28926423734300033,39157.9688662612
-7.9467,-14.3559,59.977666666666664,1.6102668085420009,3724.7036546057116
52.1307,-3.7837,34.75315757575757,2.319256247061004,1498.4613114569506
6.4238,-66.5897,29.604752525252522,1.118215824119,2647.4989788824523
15.552727,48.516388,83.85672264691829,0.9245816499764,9069.693590507526
